"","Term","Ont","N","DE","P.DE","FDR"
"GO:0005737","cytoplasm","CC",11625,3081,3.93800659812253e-109,9.02236691695854e-105
"GO:0005622","intracellular","CC",15073,3706,1.70853363330402e-103,3.91425055389952e-99
"GO:0044424","intracellular part","CC",15063,3703,5.63360708417356e-103,1.29060304691332e-98
"GO:0044444","cytoplasmic part","CC",9735,2661,1.65418755305304e-97,3.7894128465339e-93
"GO:0005515","protein binding","MF",11807,3042,1.10623946931082e-84,2.53406275235029e-80
"GO:0044446","intracellular organelle part","CC",9811,2627,2.02063338789783e-82,4.62846283831877e-78
"GO:0044422","organelle part","CC",10112,2687,1.33798560845871e-81,3.06465603617467e-77
"GO:0043226","organelle","CC",14144,3456,9.0820291629818e-74,2.08014795948935e-69
"GO:0043229","intracellular organelle","CC",13294,3294,2.66572391394265e-73,6.10530748010285e-69
"GO:0043227","membrane-bounded organelle","CC",13019,3222,8.8256811462162e-68,2.02125749610643e-63
"GO:0043231","intracellular membrane-bounded organelle","CC",11488,2904,8.29592780058857e-64,1.89985042561279e-59
"GO:0005488","binding","MF",15267,3622,2.90987988443727e-61,6.66362493536135e-57
"GO:0003674","molecular_function","MF",17697,4029,8.77855108680587e-58,2.01020041336768e-53
"GO:0005829","cytosol","CC",5085,1479,4.85118992428337e-56,1.11082546886241e-51
"GO:0044464","cell part","CC",17521,3990,1.2156633213744e-53,2.78350430695096e-49
"GO:0005623","cell","CC",17590,3999,8.73005955962239e-53,1.99883443677114e-48
"GO:0005654","nucleoplasm","CC",3512,1054,2.00777919514822e-43,4.59681046729185e-39
"GO:0070013","intracellular organelle lumen","CC",5740,1558,4.2253850390118e-39,9.67359650831362e-35
"GO:0031974","membrane-enclosed lumen","CC",5740,1558,4.2253850390118e-39,9.67359650831362e-35
"GO:0043233","organelle lumen","CC",5740,1558,4.2253850390118e-39,9.67359650831362e-35
"GO:0071840","cellular component organization or biogenesis","BP",6697,1762,8.21454953680988e-37,1.88039253447115e-32
"GO:0006996","organelle organization","BP",3885,1102,1.38982937702714e-33,3.18131944401513e-29
"GO:0044237","cellular metabolic process","BP",11301,2728,2.29784688840785e-33,5.25954174287672e-29
"GO:0016043","cellular component organization","BP",6512,1702,3.36314470181336e-33,7.69756559351043e-29
"GO:0012505","endomembrane system","CC",4441,1218,1.31010263051119e-30,2.99843189045095e-26
"GO:0031090","organelle membrane","CC",2903,852,2.50597896265223e-30,5.73518345392589e-26
"GO:0070727","cellular macromolecule localization","BP",1883,595,1.83495084824862e-29,4.19928501621696e-25
"GO:1901564","organonitrogen compound metabolic process","BP",7040,1798,2.00130067689939e-29,4.57977646901657e-25
"GO:0034613","cellular protein localization","BP",1872,592,2.06768095279199e-29,4.7314743242739e-25
"GO:0003824","catalytic activity","MF",5710,1498,9.80903345829139e-29,2.24450303592624e-24
"GO:0044428","nuclear part","CC",5023,1342,1.07464502339547e-28,2.45889527803117e-24
"GO:0051641","cellular localization","BP",2927,850,1.46733709962927e-28,3.35726728395177e-24
"GO:0044260","cellular macromolecule metabolic process","BP",8352,2078,1.87707033794867e-28,4.29454922619275e-24
"GO:0008104","protein localization","BP",2765,810,2.11032557686186e-28,4.82800285474456e-24
"GO:0036230","granulocyte activation","BP",504,212,3.94939941488604e-27,9.03504104143478e-23
"GO:0002283","neutrophil activation involved in immune response","BP",488,207,4.37420971163223e-27,1.00064421363299e-22
"GO:0044238","primary metabolic process","BP",11287,2686,1.27675119762476e-26,2.92056836456663e-22
"GO:0042119","neutrophil activation","BP",498,209,1.32301655234557e-26,3.02626806183525e-22
"GO:0043312","neutrophil degranulation","BP",485,205,1.35595028688022e-26,3.10146509118112e-22
"GO:0002446","neutrophil mediated immunity","BP",499,209,1.81204644506221e-26,4.14451262914628e-22
"GO:0051234","establishment of localization","BP",5315,1396,1.84801620991525e-26,4.22659787369718e-22
"GO:0006886","intracellular protein transport","BP",1119,384,3.40280999746695e-26,7.78222646420691e-22
"GO:0045184","establishment of protein localization","BP",2113,640,3.6168403159589e-26,8.27135211856641e-22
"GO:0051179","localization","BP",6735,1710,6.40212235367984e-26,1.46403733983951e-21
"GO:0031981","nuclear lumen","CC",4594,1228,8.44036437319439e-26,1.93005812121836e-21
"GO:0033036","macromolecule localization","BP",3116,882,1.08389489586791e-25,2.47843406889156e-21
"GO:0031982","vesicle","CC",3884,1063,1.15852878868357e-25,2.64897607532499e-21
"GO:0046907","intracellular transport","BP",1847,570,2.39101918388578e-25,5.46682626203645e-21
"GO:0044267","cellular protein metabolic process","BP",5276,1379,4.81901936987753e-25,1.1017723985351e-20
"GO:0006807","nitrogen compound metabolic process","BP",10812,2577,5.90109089741999e-25,1.34910740096816e-20
"GO:0006810","transport","BP",5190,1359,5.97145736190245e-25,1.36513486750452e-20
"GO:0015031","protein transport","BP",1998,604,2.08863576847385e-24,4.77462136673122e-20
"GO:0005739","mitochondrion","CC",1573,496,3.21886752914417e-24,7.35800928487065e-20
"GO:0002366","leukocyte activation involved in immune response","BP",707,264,4.90172920871579e-24,1.12043726252826e-19
"GO:0097708","intracellular vesicle","CC",2317,681,5.40601811923505e-24,1.23565356151356e-19
"GO:0031410","cytoplasmic vesicle","CC",2314,679,1.03257463398818e-23,2.36005258344339e-19
"GO:0002444","myeloid leukocyte mediated immunity","BP",551,218,1.13707273875098e-23,2.59877974441537e-19
"GO:0002274","myeloid leukocyte activation","BP",651,247,1.17679218989812e-23,2.68944087079317e-19
"GO:0002263","cell activation involved in immune response","BP",711,264,1.2686654442357e-23,2.89928113971184e-19
"GO:0042886","amide transport","BP",2065,617,1.49367258333008e-23,3.4133405874259e-19
"GO:0015833","peptide transport","BP",2034,609,1.77065628273055e-23,4.04612667166757e-19
"GO:0002275","myeloid cell activation involved in immune response","BP",544,215,2.73215279331834e-23,6.2429691327324e-19
"GO:0043299","leukocyte degranulation","BP",534,212,2.87383537041294e-23,6.56642643785653e-19
"GO:0051649","establishment of localization in cell","BP",2242,658,5.73753069307178e-23,1.31091101275304e-18
"GO:0051128","regulation of cellular component organization","BP",2507,722,7.47187172222919e-23,1.7070985323777e-18
"GO:0044433","cytoplasmic vesicle part","CC",1504,473,7.94568033158965e-23,1.81527012855497e-18
"GO:0031975","envelope","CC",1182,389,1.12755125332187e-22,2.57589083821381e-18
"GO:0031967","organelle envelope","CC",1182,389,1.12755125332187e-22,2.57589083821381e-18
"GO:0016071","mRNA metabolic process","BP",877,307,1.46153571902804e-22,3.33858604297574e-18
"GO:0033043","regulation of organelle organization","BP",1261,409,1.75133317992049e-22,4.00039524957439e-18
"GO:0005634","nucleus","CC",7932,1949,1.94174488933615e-22,4.43513950173269e-18
"GO:0043412","macromolecule modification","BP",4373,1154,9.96991425278419e-22,2.27712841533591e-17
"GO:0043933","protein-containing complex subunit organization","BP",2290,660,6.94314602425837e-21,1.58574512048037e-16
"GO:0019899","enzyme binding","MF",2217,641,1.27250963111421e-20,2.90615749553862e-16
"GO:0044085","cellular component biogenesis","BP",3355,910,3.02932238987771e-20,6.91806354176374e-16
"GO:0098588","bounding membrane of organelle","CC",2081,606,3.09987247722493e-20,7.07886878899084e-16
"GO:0006796","phosphate-containing compound metabolic process","BP",3320,901,4.22956073350278e-20,9.6582019349536e-16
"GO:0006793","phosphorus metabolic process","BP",3347,907,4.8030615713271e-20,1.09673107919683e-15
"GO:0045321","leukocyte activation","BP",1284,404,1.43918031694575e-19,3.28608041768222e-15
"GO:0006464","cellular protein modification process","BP",4160,1090,3.18412137147559e-19,7.26998591535307e-15
"GO:0036211","protein modification process","BP",4160,1090,3.18412137147559e-19,7.26998591535307e-15
"GO:0003723","RNA binding","MF",1950,568,5.68382883824981e-19,1.29761812377243e-14
"GO:0019538","protein metabolic process","BP",5986,1499,5.78444715562652e-19,1.32053144115798e-14
"GO:0044429","mitochondrial part","CC",1036,337,7.77902347180401e-19,1.77579547814342e-14
"GO:1901576","organic substance biosynthetic process","BP",6259,1556,1.71392070708861e-18,3.91236679807118e-14
"GO:0044403","symbiont process","BP",884,294,5.2164741393014e-18,1.19071238703694e-13
"GO:0016192","vesicle-mediated transport","BP",2107,601,6.70996183327233e-18,1.53154878844441e-13
"GO:0016032","viral process","BP",833,280,6.90465602874128e-18,1.57591869199991e-13
"GO:0098805","whole membrane","CC",1666,493,7.08788097038486e-18,1.61766707387094e-13
"GO:0044249","cellular biosynthetic process","BP",6168,1531,8.22204275889654e-18,1.87643459843537e-13
"GO:0009058","biosynthetic process","BP",6339,1568,1.01847217790473e-17,2.32425535719638e-13
"GO:0071705","nitrogen compound transport","BP",2374,664,1.16393685283973e-17,2.65610389818025e-13
"GO:0070062","extracellular exosome","CC",2163,613,1.34444401180867e-17,3.06788679054621e-13
"GO:0007005","mitochondrion organization","BP",530,196,1.34811470867312e-17,3.07612814225032e-13
"GO:0048522","positive regulation of cellular process","BP",5490,1379,1.4175441737381e-17,3.23441054121823e-13
"GO:1903561","extracellular vesicle","CC",2186,618,1.71499185752175e-17,3.91292542212163e-13
"GO:0048518","positive regulation of biological process","BP",6254,1547,2.07673313440891e-17,4.73806664615393e-13
"GO:0007049","cell cycle","BP",1854,537,2.12408597492764e-17,4.84588974319991e-13
"GO:0065003","protein-containing complex assembly","BP",1971,565,2.70092899943243e-17,6.1616293264052e-13
"GO:0002376","immune system process","BP",3193,855,2.76019085950209e-17,6.29654738869618e-13
"GO:0043230","extracellular organelle","CC",2191,618,2.92962383946329e-17,6.68276494019972e-13
"GO:0006397","mRNA processing","BP",541,198,3.30488558985148e-17,7.53844403045122e-13
"GO:0015630","microtubule cytoskeleton","CC",1192,371,3.46173447888849e-17,7.89587017289675e-13
"GO:0022607","cellular component assembly","BP",3116,836,4.14527093304995e-17,9.45453394410032e-13
"GO:0009987","cellular process","BP",16968,3755,4.66636405306693e-17,1.06425764958297e-12
"GO:0001775","cell activation","BP",1440,432,8.29674651798486e-17,1.89215601089163e-12
"GO:0005856","cytoskeleton","CC",2197,617,8.57507710947091e-17,1.95554633481484e-12
"GO:0044419","interspecies interaction between organisms","BP",932,302,1.040249073088e-16,2.37218398626989e-12
"GO:0044248","cellular catabolic process","BP",2324,646,1.56159206759859e-16,3.56089839174506e-12
"GO:0033554","cellular response to stress","BP",2069,584,2.26950788588562e-16,5.1749318813964e-12
"GO:0044265","cellular macromolecule catabolic process","BP",1162,359,4.02971097405475e-16,9.18814399194223e-12
"GO:0071702","organic substance transport","BP",2791,754,4.20897927647874e-16,9.59647275037152e-12
"GO:0006887","exocytosis","BP",903,292,4.6807650749829e-16,1.06716762944535e-11
"GO:0045055","regulated exocytosis","BP",794,262,1.09176294836483e-15,2.48900116968213e-11
"GO:0044451","nucleoplasm part","CC",1126,348,1.12270623137313e-15,2.55943339566132e-11
"GO:0043228","non-membrane-bounded organelle","CC",4793,1209,1.31167275562957e-15,2.99008921373317e-11
"GO:0005740","mitochondrial envelope","CC",739,247,1.41073339983347e-15,3.21576678492039e-11
"GO:0008380","RNA splicing","BP",469,173,1.46674766643825e-15,3.34330463087936e-11
"GO:0043232","intracellular non-membrane-bounded organelle","CC",4784,1206,1.7866708742571e-15,4.0723589236942e-11
"GO:0009057","macromolecule catabolic process","BP",1396,415,1.82222530066708e-15,4.1532159052804e-11
"GO:0030141","secretory granule","CC",833,271,2.46796332602189e-15,5.62473521633649e-11
"GO:1903311","regulation of mRNA metabolic process","BP",324,130,3.51175911629856e-15,8.00329902604442e-11
"GO:0016607","nuclear speck","CC",397,151,4.92243208268001e-15,1.12177304732195e-10
"GO:0032991","protein-containing complex","CC",6151,1506,5.04207976590177e-15,1.1489891370537e-10
"GO:0008152","metabolic process","BP",12552,2864,5.8537739283998e-15,1.33389946506446e-10
"GO:1901363","heterocyclic compound binding","MF",6241,1525,6.29416895265509e-15,1.43418933755199e-10
"GO:1902494","catalytic complex","CC",1370,406,6.50684330080221e-15,1.48258424608778e-10
"GO:0034622","cellular protein-containing complex assembly","BP",1175,357,7.20967644179136e-15,1.64265268049774e-10
"GO:0101002","ficolin-1-rich granule","CC",185,86,8.79641796236961e-15,2.00408790436667e-10
"GO:0034641","cellular nitrogen compound metabolic process","BP",7161,1724,1.05399825052429e-14,2.40121881434444e-10
"GO:1903047","mitotic cell cycle process","BP",873,279,1.10962063985737e-14,2.52782677965908e-10
"GO:0016604","nuclear body","CC",778,254,1.22544371052506e-14,2.79156077257609e-10
"GO:0010033","response to organic substance","BP",3302,863,1.47455103013235e-14,3.35887979153849e-10
"GO:0033365","protein localization to organelle","BP",922,291,1.66662979904995e-14,3.79624935627599e-10
"GO:0009056","catabolic process","BP",2615,703,1.74551961405005e-14,3.97577002492179e-10
"GO:0035556","intracellular signal transduction","BP",2952,781,2.17116262220751e-14,4.94503998833982e-10
"GO:0016310","phosphorylation","BP",2417,655,3.05346090662178e-14,6.95425721483111e-10
"GO:1901135","carbohydrate derivative metabolic process","BP",1266,377,3.10235101763185e-14,7.06529420755477e-10
"GO:0050794","regulation of cellular process","BP",11022,2541,3.36193426194522e-14,7.65613289472785e-10
"GO:0016020","membrane","CC",9495,2220,3.37444192389168e-14,7.68427914908613e-10
"GO:0097159","organic cyclic compound binding","MF",6328,1538,3.49276963994309e-14,7.9533857471144e-10
"GO:0002252","immune effector process","BP",1265,376,4.52468754971601e-14,1.03027135507034e-09
"GO:0071704","organic substance metabolic process","BP",12093,2762,4.63370502172149e-14,1.05504829639577e-09
"GO:0000375","RNA splicing, via transesterification reactions","BP",382,144,4.88586815085771e-14,1.11241446058728e-09
"GO:0000398","mRNA splicing, via spliceosome","BP",379,143,5.49819326386858e-14,1.25177366038496e-09
"GO:0000377","RNA splicing, via transesterification reactions with bulged adenosine as nucleophile","BP",379,143,5.49819326386858e-14,1.25177366038496e-09
"GO:0006605","protein targeting","BP",432,158,5.79237612885978e-14,1.31863442573493e-09
"GO:0000278","mitotic cell cycle","BP",1017,312,1.07348723819559e-13,2.44368634902845e-09
"GO:0006950","response to stress","BP",4110,1041,1.11643625459817e-13,2.54134384634181e-09
"GO:0031966","mitochondrial membrane","CC",698,229,1.46316000522479e-13,3.33044480389267e-09
"GO:0010638","positive regulation of organelle organization","BP",623,209,1.52631806903609e-13,3.47405255693304e-09
"GO:0005794","Golgi apparatus","CC",1560,446,1.5757950997135e-13,3.58650964694792e-09
"GO:0071310","cellular response to organic substance","BP",2707,718,1.8920414545872e-13,4.306097146495e-09
"GO:0016740","transferase activity","MF",2272,616,1.93598631093423e-13,4.40591764642412e-09
"GO:0099503","secretory vesicle","CC",986,303,1.9794910038282e-13,4.50472767741184e-09
"GO:1904813","ficolin-1-rich granule lumen","CC",124,63,2.2035459294764e-13,5.01438911711649e-09
"GO:0070887","cellular response to chemical stimulus","BP",3281,850,2.34316928602863e-13,5.33188171035815e-09
"GO:0019884","antigen processing and presentation of exogenous antigen","BP",182,82,3.08826409210046e-13,7.0270361151654e-09
"GO:0030659","cytoplasmic vesicle membrane","CC",773,247,4.064793319318e-13,9.24862423944423e-09
"GO:1901575","organic substance catabolic process","BP",2175,591,4.31563146161676e-13,9.81892470147046e-09
"GO:0042802","identical protein binding","MF",1728,484,5.06025725264036e-13,1.15125912754821e-08
"GO:0072594","establishment of protein localization to organelle","BP",549,187,6.3948651544135e-13,1.45483182262907e-08
"GO:0002478","antigen processing and presentation of exogenous peptide antigen","BP",175,79,7.35088656463571e-13,1.67225318458898e-08
"GO:0051726","regulation of cell cycle","BP",1213,357,9.0568765807377e-13,2.06025828458621e-08
"GO:0005681","spliceosomal complex","CC",185,82,9.11062913183998e-13,2.07239480861964e-08
"GO:0048523","negative regulation of cellular process","BP",4903,1210,1.44895703183861e-12,3.2957976646201e-08
"GO:0012506","vesicle membrane","CC",794,250,1.70593115652895e-12,3.8801404155251e-08
"GO:0019882","antigen processing and presentation","BP",226,94,1.98304903128107e-12,4.51024671674566e-08
"GO:0002443","leukocyte mediated immunity","BP",874,270,2.29381473289243e-12,5.21682284701725e-08
"GO:0031323","regulation of cellular metabolic process","BP",6305,1517,2.49353493319642e-12,5.6707971450753e-08
"GO:0051130","positive regulation of cellular component organization","BP",1258,366,2.49422216267959e-12,5.67211062014966e-08
"GO:0031984","organelle subcompartment","CC",1711,476,2.58102588831978e-12,5.86925287003919e-08
"GO:0006915","apoptotic process","BP",1988,542,2.66015211265977e-12,6.04891988897704e-08
"GO:0005815","microtubule organizing center","CC",736,234,3.04323942743139e-12,6.91971781009351e-08
"GO:1901566","organonitrogen compound biosynthetic process","BP",1957,534,3.41383248970767e-12,7.76203093184833e-08
"GO:0044437","vacuolar part","CC",567,189,4.31832118710357e-12,9.81813505099868e-08
"GO:0009059","macromolecule biosynthetic process","BP",5114,1252,5.45071558572688e-12,1.23922018841501e-07
"GO:0022402","cell cycle process","BP",1394,397,7.11557820382415e-12,1.61765554885738e-07
"GO:0006139","nucleobase-containing compound metabolic process","BP",6411,1536,7.13929941718205e-12,1.622976936508e-07
"GO:0071345","cellular response to cytokine stimulus","BP",1118,329,7.73491715890662e-12,1.75830136856265e-07
"GO:0005773","vacuole","CC",774,242,8.68985680212211e-12,1.97529134969038e-07
"GO:0009141","nucleoside triphosphate metabolic process","BP",362,132,8.69729123553307e-12,1.97689429783667e-07
"GO:0032940","secretion by cell","BP",1524,428,8.91251961618248e-12,2.02572658356212e-07
"GO:0019637","organophosphate metabolic process","BP",1177,343,1.03053046597145e-11,2.34218964305991e-07
"GO:0034655","nucleobase-containing compound catabolic process","BP",648,209,1.04967486210183e-11,2.38559605909882e-07
"GO:0046483","heterocycle metabolic process","BP",6570,1569,1.0756365701757e-11,2.44449166938129e-07
"GO:0034097","response to cytokine","BP",1211,351,1.22952868855368e-11,2.79410394473824e-07
"GO:0000166","nucleotide binding","MF",2125,570,1.35561427994957e-11,3.0804978897574e-07
"GO:1901265","nucleoside phosphate binding","MF",2126,570,1.4765037406229e-11,3.35505944981742e-07
"GO:0009167","purine ribonucleoside monophosphate metabolic process","BP",340,125,1.64125758999698e-11,3.72926549599114e-07
"GO:0044271","cellular nitrogen compound biosynthetic process","BP",5029,1229,1.65123464722951e-11,3.75177024197017e-07
"GO:0009117","nucleotide metabolic process","BP",709,224,1.76511930765368e-11,4.01035106698916e-07
"GO:0009150","purine ribonucleotide metabolic process","BP",542,180,1.99393424252802e-11,4.5300192055994e-07
"GO:0009126","purine nucleoside monophosphate metabolic process","BP",341,125,2.05947907485355e-11,4.6787245622523e-07
"GO:0009199","ribonucleoside triphosphate metabolic process","BP",341,125,2.05947907485355e-11,4.6787245622523e-07
"GO:0019693","ribose phosphate metabolic process","BP",577,189,2.39340117561144e-11,5.43685011051895e-07
"GO:0044281","small molecule metabolic process","BP",2115,566,2.46327651765481e-11,5.59533260985289e-07
"GO:0009144","purine nucleoside triphosphate metabolic process","BP",342,125,2.57990651363153e-11,5.85999965506266e-07
"GO:0009205","purine ribonucleoside triphosphate metabolic process","BP",335,123,2.63123081047543e-11,5.97631453983285e-07
"GO:0006753","nucleoside phosphate metabolic process","BP",716,225,2.81240633918241e-11,6.38753727755109e-07
"GO:0006955","immune response","BP",2279,604,2.84119727985941e-11,6.4526431422887e-07
"GO:0048002","antigen processing and presentation of peptide antigen","BP",189,80,3.01141988780026e-11,6.83893456519438e-07
"GO:0005764","lysosome","CC",678,215,3.10694319878874e-11,7.05555731012934e-07
"GO:0050790","regulation of catalytic activity","BP",2328,615,3.29842451838851e-11,7.49006239635664e-07
"GO:0009161","ribonucleoside monophosphate metabolic process","BP",354,128,3.45599009815211e-11,7.847516715874e-07
"GO:0032446","protein modification by small protein conjugation","BP",906,273,3.47559167173683e-11,7.89167844984565e-07
"GO:0000323","lytic vacuole","CC",679,215,3.61477456656112e-11,8.20734565337702e-07
"GO:0009259","ribonucleotide metabolic process","BP",557,183,3.75499285063587e-11,8.52533576808367e-07
"GO:0055086","nucleobase-containing small molecule metabolic process","BP",801,246,4.33580171534768e-11,9.84357063435383e-07
"GO:0046903","secretion","BP",1661,457,4.36321833315641e-11,9.90537825993168e-07
"GO:0006725","cellular aromatic compound metabolic process","BP",6615,1573,4.40232949529771e-11,9.99372818727533e-07
"GO:0034645","cellular macromolecule biosynthetic process","BP",4961,1210,4.61779283809692e-11,1.048238974248e-06
"GO:0048583","regulation of response to stimulus","BP",4342,1072,5.02805495269028e-11,1.14131819371117e-06
"GO:0005743","mitochondrial inner membrane","CC",473,160,5.49196556002007e-11,1.24656634281335e-06
"GO:0034774","secretory granule lumen","CC",321,118,6.08499136930264e-11,1.38111049109062e-06
"GO:0005694","chromosome","CC",1075,314,6.14783726566646e-11,1.39531314581566e-06
"GO:0006091","generation of precursor metabolites and energy","BP",526,174,6.17748076633879e-11,1.40197925992059e-06
"GO:1901360","organic cyclic compound metabolic process","BP",6839,1620,6.48902902293404e-11,1.47262024646465e-06
"GO:0098798","mitochondrial protein complex","CC",262,101,6.53803117687445e-11,1.48367541496812e-06
"GO:0080090","regulation of primary metabolic process","BP",6233,1488,6.79826940614521e-11,1.54266329364247e-06
"GO:0044257","cellular protein catabolic process","BP",773,238,6.92895801925637e-11,1.57224986414946e-06
"GO:0008092","cytoskeletal protein binding","MF",977,289,8.48261816772951e-11,1.92470606225783e-06
"GO:0030667","secretory granule membrane","CC",298,111,8.92615999675248e-11,2.02525644166317e-06
"GO:0019866","organelle inner membrane","CC",532,175,9.0334455838447e-11,2.04950813406268e-06
"GO:0072521","purine-containing compound metabolic process","BP",613,196,1.07475238283949e-10,2.43829073094795e-06
"GO:0009123","nucleoside monophosphate metabolic process","BP",375,132,1.39000867443855e-10,3.15337367883129e-06
"GO:0050896","response to stimulus","BP",9324,2149,1.4872377866805e-10,3.37379891908471e-06
"GO:0051603","proteolysis involved in cellular protein catabolic process","BP",716,222,1.51973743261916e-10,3.44737239215331e-06
"GO:0044430","cytoskeletal part","CC",1688,460,1.6446347476204e-10,3.73052499802736e-06
"GO:0070647","protein modification by small protein conjugation or removal","BP",1108,320,1.65368027399215e-10,3.75087759746899e-06
"GO:0007010","cytoskeleton organization","BP",1330,374,1.75856060712277e-10,3.98859131301516e-06
"GO:0031329","regulation of cellular catabolic process","BP",871,261,1.77263271801955e-10,4.02033100446834e-06
"GO:0050684","regulation of mRNA processing","BP",137,62,1.84810054435994e-10,4.19130722455392e-06
"GO:0008219","cell death","BP",2264,595,1.86283142595457e-10,4.22452910777977e-06
"GO:0006839","mitochondrial transport","BP",256,98,1.96517540932143e-10,4.4564282757182e-06
"GO:0051493","regulation of cytoskeleton organization","BP",533,174,2.00781914473783e-10,4.5529306926075e-06
"GO:0035639","purine ribonucleoside triphosphate binding","MF",1813,489,2.07232168454712e-10,4.69898941971059e-06
"GO:0060205","cytoplasmic vesicle lumen","CC",338,121,2.43977565821912e-10,5.53194732744603e-06
"GO:0016567","protein ubiquitination","BP",822,248,2.49370138264122e-10,5.65396914486245e-06
"GO:0019904","protein domain specific binding","MF",708,219,2.5674204619021e-10,5.82085567122444e-06
"GO:0008150","biological_process","BP",18670,4035,2.88840008065757e-10,6.54829182285878e-06
"GO:0031983","vesicle lumen","CC",339,121,3.01567428961138e-10,6.836533614549e-06
"GO:0051173","positive regulation of nitrogen compound metabolic process","BP",3200,808,3.40815409226275e-10,7.72594451175043e-06
"GO:0006119","oxidative phosphorylation","BP",145,64,3.44310672940606e-10,7.80483433421766e-06
"GO:0006163","purine nucleotide metabolic process","BP",575,184,3.7408626871266e-10,8.47941345290987e-06
"GO:0044270","cellular nitrogen compound catabolic process","BP",696,215,4.27581113354287e-10,9.69155351528827e-06
"GO:0032553","ribonucleotide binding","MF",1894,506,4.39429040300501e-10,9.95965919841086e-06
"GO:0046034","ATP metabolic process","BP",305,111,4.42340543491059e-10,1.00252060776814e-05
"GO:0019439","aromatic compound catabolic process","BP",712,219,4.47844996279404e-10,1.01495111506801e-05
"GO:0009894","regulation of catabolic process","BP",979,286,4.52245063688068e-10,1.0248777633299e-05
"GO:0051247","positive regulation of protein metabolic process","BP",1713,463,4.91574771414674e-10,1.11395758950279e-05
"GO:0044455","mitochondrial membrane part","CC",229,89,5.36989023712205e-10,1.21681712773186e-05
"GO:0012501","programmed cell death","BP",2132,561,5.56951949680678e-10,1.26199742278145e-05
"GO:0006402","mRNA catabolic process","BP",364,127,5.89272634234099e-10,1.33517393464762e-05
"GO:0051716","cellular response to stimulus","BP",7617,1778,6.24916340598584e-10,1.41587295289421e-05
"GO:0000139","Golgi membrane","CC",754,229,6.40007840830434e-10,1.45000176418543e-05
"GO:0097190","apoptotic signaling pathway","BP",602,190,6.7895931624366e-10,1.53818233095001e-05
"GO:0032555","purine ribonucleotide binding","MF",1878,501,6.8031106435427e-10,1.54117668518816e-05
"GO:0031325","positive regulation of cellular metabolic process","BP",3330,835,6.86057366580454e-10,1.5541257525147e-05
"GO:0017076","purine nucleotide binding","MF",1891,504,6.93100918851372e-10,1.57001220138213e-05
"GO:0098800","inner mitochondrial membrane protein complex","CC",135,60,8.69985473924211e-10,1.97060409698573e-05
"GO:0005768","endosome","CC",905,266,9.84954788043319e-10,2.23092259491812e-05
"GO:0019221","cytokine-mediated signaling pathway","BP",798,239,1.12284258816211e-09,2.54312617792836e-05
"GO:0005813","centrosome","CC",510,165,1.24373286806009e-09,2.81680619958249e-05
"GO:0048519","negative regulation of biological process","BP",5869,1396,1.28100204430998e-09,2.9010853297488e-05
"GO:0044093","positive regulation of molecular function","BP",1771,474,1.29938782376393e-09,2.94259366569579e-05
"GO:0030139","endocytic vesicle","CC",303,109,1.36021328426955e-09,3.08020298222839e-05
"GO:0005759","mitochondrial matrix","CC",469,154,1.39774525271807e-09,3.1650543502548e-05
"GO:0050863","regulation of T cell activation","BP",314,112,1.42948355962283e-09,3.23677962405396e-05
"GO:0010498","proteasomal protein catabolic process","BP",477,156,1.50438817301514e-09,3.40623570134088e-05
"GO:0032880","regulation of protein localization","BP",1014,292,1.51417385692187e-09,3.42824102945681e-05
"GO:0044770","cell cycle phase transition","BP",631,196,1.56082114794920e-09,3.53369907895698e-05
"GO:0006611","protein export from nucleus","BP",179,73,1.60223646556712e-09,3.62730313439741e-05
"GO:0010564","regulation of cell cycle process","BP",789,236,1.62745567628589e-09,3.68423415997599e-05
"GO:0043085","positive regulation of catalytic activity","BP",1424,391,1.68480119175129e-09,3.81388445776739e-05
"GO:0009893","positive regulation of metabolic process","BP",3642,902,1.69645835888212e-09,3.84010314116556e-05
"GO:0070161","anchoring junction","CC",562,178,1.74897856514653e-09,3.95881298220917e-05
"GO:0006974","cellular response to DNA damage stimulus","BP",854,252,1.84563142098612e-09,4.17740215825999e-05
"GO:0046700","heterocycle catabolic process","BP",695,212,1.86893956024939e-09,4.22997090671243e-05
"GO:0045333","cellular respiration","BP",193,77,1.91591155536939e-09,4.33609103211201e-05
"GO:0051301","cell division","BP",598,187,2.08328079355716e-09,4.71467276389922e-05
"GO:0007264","small GTPase mediated signal transduction","BP",571,180,2.11883934411927e-09,4.79493343574191e-05
"GO:0051171","regulation of nitrogen compound metabolic process","BP",6063,1436,2.16554224376118e-09,4.90040554340717e-05
"GO:0030666","endocytic vesicle membrane","CC",167,69,2.31147890476516e-09,5.2304144657026e-05
"GO:0006401","RNA catabolic process","BP",397,134,2.32832838703876e-09,5.26830864135261e-05
"GO:0005774","vacuolar membrane","CC",412,138,2.37289232243159e-09,5.36890616873372e-05
"GO:0051168","nuclear export","BP",194,77,2.52663490442982e-09,5.71651147127247e-05
"GO:0005925","focal adhesion","CC",405,136,2.57484608832362e-09,5.82533179022336e-05
"GO:0009966","regulation of signal transduction","BP",3170,794,2.58924376171177e-09,5.85764616212053e-05
"GO:1901361","organic cyclic compound catabolic process","BP",745,224,2.60823922436932e-09,5.90035877336828e-05
"GO:0042773","ATP synthesis coupled electron transport","BP",98,47,2.78725110291849e-09,6.30504071991191e-05
"GO:0010604","positive regulation of macromolecule metabolic process","BP",3366,838,2.79628983913219e-09,6.32520761611702e-05
"GO:0000209","protein polyubiquitination","BP",310,110,2.79669727783823e-09,6.3258495727423e-05
"GO:0015980","energy derivation by oxidation of organic compounds","BP",285,103,2.87307750436873e-09,6.49832669938119e-05
"GO:0005524","ATP binding","MF",1473,401,3.19947113166888e-09,7.23624385849551e-05
"GO:0043168","anion binding","MF",2773,703,3.23977807940879e-09,7.32708210439092e-05
"GO:0042582","azurophil granule","CC",155,65,3.26066074418502e-09,7.37398427297443e-05
"GO:0005766","primary lysosome","CC",155,65,3.26066074418502e-09,7.37398427297443e-05
"GO:0098791","Golgi subcompartment","CC",859,252,3.34395606897128e-09,7.56168785876475e-05
"GO:0036094","small molecule binding","MF",2503,641,3.45882532883151e-09,7.82109583355381e-05
"GO:0002520","immune system development","BP",985,283,3.50818566945263e-09,7.93235861719933e-05
"GO:0005924","cell-substrate adherens junction","CC",408,136,4.37998076150276e-09,9.90313650175774e-05
"GO:0030163","protein catabolic process","BP",931,269,4.85581912330979e-09,0.000109785214558911
"GO:0005912","adherens junction","CC",546,172,5.10270906395284e-09,0.000115362046517846
"GO:0032559","adenyl ribonucleotide binding","MF",1531,413,6.13265157012396e-09,0.000138640854045792
"GO:0042775","mitochondrial ATP synthesis coupled electron transport","BP",97,46,6.43216639037768e-09,0.000145405553420878
"GO:0005783","endoplasmic reticulum","CC",1911,502,6.68905521510291e-09,0.000151206093137401
"GO:0019080","viral gene expression","BP",191,75,7.04104050287593e-09,0.000159155679527008
"GO:0030554","adenyl nucleotide binding","MF",1542,415,7.62174992638394e-09,0.000172274413586056
"GO:0043484","regulation of RNA splicing","BP",135,58,7.73553301094029e-09,0.000174838517113272
"GO:0051338","regulation of transferase activity","BP",972,278,7.8165310948303e-09,0.00017666141927426
"GO:0016787","hydrolase activity","MF",2533,645,8.0900835015949e-09,0.000182835887136045
"GO:0006259","DNA metabolic process","BP",1026,291,8.49611465846468e-09,0.000192003695166643
"GO:0016655","oxidoreductase activity, acting on NAD(P)H, quinone or similar compound as acceptor","MF",60,33,8.50779198034462e-09,0.000192259083171828
"GO:0030055","cell-substrate junction","CC",412,136,8.74372848036008e-09,0.000197582032470697
"GO:0061024","membrane organization","BP",892,258,9.12169689098641e-09,0.000206113862948729
"GO:0044877","protein-containing complex binding","MF",1134,317,9.28590786323279e-09,0.000209815088169745
"GO:0007346","regulation of mitotic cell cycle","BP",656,199,9.52729784889665e-09,0.000215259767597971
"GO:0065009","regulation of molecular function","BP",2989,748,1.01803994103299e-08,0.000230005763877584
"GO:0007017","microtubule-based process","BP",748,222,1.02830748417526e-08,0.000232315226824876
"GO:0051169","nuclear transport","BP",346,118,1.06595682201574e-08,0.000240810305661577
"GO:1903827","regulation of cellular protein localization","BP",524,165,1.07956112828381e-08,0.000243872858879313
"GO:0006120","mitochondrial electron transport, NADH to ubiquinone","BP",55,31,1.09174842699351e-08,0.000246615052173563
"GO:0044427","chromosomal part","CC",951,272,1.13799823177522e-08,0.000257051040593386
"GO:0022900","electron transport chain","BP",186,73,1.13964217883413e-08,0.000257410978933265
"GO:0032268","regulation of cellular protein metabolic process","BP",2679,677,1.19004714486295e-08,0.000268784048138745
"GO:0006913","nucleocytoplasmic transport","BP",343,117,1.21309304141379e-08,0.000273977063403304
"GO:0031503","protein-containing complex localization","BP",281,100,1.21843802794559e-08,0.000275172044231232
"GO:0090150","establishment of protein localization to membrane","BP",332,114,1.22545136710233e-08,0.000276743682232718
"GO:0140096","catalytic activity, acting on a protein","MF",2165,559,1.23269545702131e-08,0.000278367288104552
"GO:0070201","regulation of establishment of protein localization","BP",746,221,1.31216414739334e-08,0.00029629978612289
"GO:0044772","mitotic cell cycle phase transition","BP",588,181,1.38538843745575e-08,0.000312820709177508
"GO:0097367","carbohydrate derivative binding","MF",2219,571,1.41656739425354e-08,0.000319846751948506
"GO:0006511","ubiquitin-dependent protein catabolic process","BP",620,189,1.50089068355102e-08,0.000338871098532148
"GO:0043161","proteasome-mediated ubiquitin-dependent protein catabolic process","BP",419,137,1.50420595364762e-08,0.000339604578155022
"GO:0023051","regulation of signaling","BP",3591,882,1.53159834753826e-08,0.000345773642940238
"GO:0010646","regulation of cell communication","BP",3542,871,1.53972540475943e-08,0.000347593010124442
"GO:0031399","regulation of protein modification process","BP",1867,489,1.63934214024931e-08,0.000370065094739879
"GO:0072657","protein localization to membrane","BP",621,189,1.71487140855292e-08,0.00038709792305265
"GO:0043632","modification-dependent macromolecule catabolic process","BP",637,193,1.76495300739152e-08,0.000398385192828414
"GO:0001738","morphogenesis of a polarized epithelium","BP",141,59,1.87286529554357e-08,0.00042272442585714
"GO:0019941","modification-dependent protein catabolic process","BP",626,190,1.97221140376572e-08,0.000445128113829923
"GO:0006612","protein targeting to membrane","BP",202,77,2.05615644003436e-08,0.000464053946951355
"GO:0048534","hematopoietic or lymphoid organ development","BP",929,265,2.30153954661177e-08,0.000519411444879345
"GO:0005765","lysosomal membrane","CC",354,119,2.3397403007598e-08,0.000528009193672464
"GO:0032270","positive regulation of cellular protein metabolic process","BP",1611,428,2.38649879709863e-08,0.000538537318553278
"GO:0018130","heterocycle biosynthetic process","BP",4341,1047,2.47303855554028e-08,0.000558041150057665
"GO:0043065","positive regulation of apoptotic process","BP",672,201,2.6879378274409e-08,0.000606506291383765
"GO:0098852","lytic vacuole membrane","CC",355,119,2.79780625381739e-08,0.000631269025048818
"GO:0016651","oxidoreductase activity, acting on NAD(P)H","MF",107,48,2.84390357749246e-08,0.000641641525153849
"GO:0097193","intrinsic apoptotic signaling pathway","BP",289,101,2.98493709429882e-08,0.000673431657844757
"GO:0140014","mitotic nuclear division","BP",264,94,3.20151844406861e-08,0.000722262560981878
"GO:0048024","regulation of mRNA splicing, via spliceosome","BP",98,45,3.2145527346416e-08,0.000725170951407799
"GO:0017144","drug metabolic process","BP",851,245,3.37110042360564e-08,0.000760452833556961
"GO:0022904","respiratory electron transport chain","BP",117,51,3.41394417524989e-08,0.000770083387611118
"GO:0055114","oxidation-reduction process","BP",999,281,3.60551300058916e-08,0.000813259512412891
"GO:0072655","establishment of protein localization to mitochondrion","BP",137,57,4.12294240095746e-08,0.000929929658535955
"GO:0018193","peptidyl-amino acid modification","BP",1259,343,4.42128409988985e-08,0.000997176415889157
"GO:0043068","positive regulation of programmed cell death","BP",680,202,4.4215232790513e-08,0.00099718614512444
"GO:0044440","endosomal part","CC",526,163,4.4235635514916e-08,0.000997602052132385
"GO:0005635","nuclear envelope","CC",464,147,4.42778002238659e-08,0.000998508672848401
"GO:0042110","T cell activation","BP",464,147,4.42778002238659e-08,0.000998508672848401
"GO:0006403","RNA localization","BP",230,84,4.67325613636359e-08,0.00105377252618863
"GO:0051246","regulation of protein metabolic process","BP",2936,729,6.51523970874482e-08,0.00146905624952778
"GO:0045859","regulation of protein kinase activity","BP",792,229,6.51870868193347e-08,0.00146977324651554
"GO:0005747","mitochondrial respiratory chain complex I","CC",50,28,6.76283161643345e-08,0.00152474801624109
"GO:0030964","NADH dehydrogenase complex","CC",50,28,6.76283161643345e-08,0.00152474801624109
"GO:0045271","respiratory chain complex I","CC",50,28,6.76283161643345e-08,0.00152474801624109
"GO:0044432","endoplasmic reticulum part","CC",1361,366,6.912864576637e-08,0.00155836706151128
"GO:0032981","mitochondrial respiratory chain complex I assembly","BP",64,33,6.96605404733435e-08,0.00157028790335011
"GO:0010257","NADH dehydrogenase complex assembly","BP",64,33,6.96605404733435e-08,0.00157028790335011
"GO:0043549","regulation of kinase activity","BP",870,248,6.99396885414957e-08,0.00157644057972531
"GO:0003676","nucleic acid binding","MF",4349,1044,7.28751489445986e-08,0.00164253298206231
"GO:2001233","regulation of apoptotic signaling pathway","BP",406,131,7.37713924034521e-08,0.001662659641989
"GO:0030097","hemopoiesis","BP",887,252,7.47774192892168e-08,0.00168525869852108
"GO:0098827","endoplasmic reticulum subcompartment","CC",1081,299,7.49037047760492e-08,0.00168802989083304
"GO:1901362","organic cyclic compound biosynthetic process","BP",4500,1077,7.87025964384862e-08,0.00177356301074129
"GO:0042175","nuclear outer membrane-endoplasmic reticulum membrane network","CC",1099,303,8.50473001870262e-08,0.00191645586241445
"GO:0019083","viral transcription","BP",177,68,9.46594376389112e-08,0.00213296110831759
"GO:0065007","biological regulation","BP",12777,2840,9.48453222328447e-08,0.00213705480055046
"GO:0016462","pyrophosphatase activity","MF",914,258,9.56733357792831e-08,0.00215561592844303
"GO:0051276","chromosome organization","BP",1230,334,9.58520657851018e-08,0.00215954704213834
"GO:0017111","nucleoside-triphosphatase activity","MF",865,246,9.77568865410488e-08,0.00220236489688329
"GO:0001817","regulation of cytokine production","BP",719,210,1.00483534659595e-07,0.00226369306881135
"GO:0006468","protein phosphorylation","BP",1983,510,1.0238309652614e-07,0.00230638401544435
"GO:0005789","endoplasmic reticulum membrane","CC",1077,297,1.12283454627241e-07,0.00252929709893324
"GO:0007166","cell surface receptor signaling pathway","BP",3052,753,1.12586250388893e-07,0.00253600529000982
"GO:0001736","establishment of planar polarity","BP",124,52,1.17244468934451e-07,0.00264081441827957
"GO:0007164","establishment of tissue polarity","BP",124,52,1.17244468934451e-07,0.00264081441827957
"GO:0019438","aromatic compound biosynthetic process","BP",4351,1042,1.24930390873763e-07,0.0028136822632589
"GO:0001816","cytokine production","BP",790,227,1.27966633633794e-07,0.00288193655606667
"GO:1903037","regulation of leukocyte cell-cell adhesion","BP",304,103,1.2934977777202e-07,0.00291295699542589
"GO:0016817","hydrolase activity, acting on acid anhydrides","MF",917,258,1.29651580847324e-07,0.00291962394910089
"GO:0016818","hydrolase activity, acting on acid anhydrides, in phosphorus-containing anhydrides","MF",917,258,1.29651580847324e-07,0.00291962394910089
"GO:0045786","negative regulation of cell cycle","BP",641,190,1.31738210365358e-07,0.00296634928279677
"GO:1904951","positive regulation of establishment of protein localization","BP",456,143,1.33787673005207e-07,0.00301236324538525
"GO:0002682","regulation of immune system process","BP",1659,434,1.34189029661623e-07,0.00302126600283143
"GO:0070585","protein localization to mitochondrion","BP",141,57,1.35466523193616e-07,0.00304989330318107
"GO:0002504","antigen processing and presentation of peptide or polysaccharide antigen via MHC class II","BP",102,45,1.39446399019142e-07,0.00313935678111794
"GO:0034654","nucleobase-containing compound biosynthetic process","BP",4278,1025,1.51195324318112e-07,0.00340370914104934
"GO:0051258","protein polymerization","BP",283,97,1.60470125318011e-07,0.00361234299103374
"GO:0032271","regulation of protein polymerization","BP",218,79,1.68569235428255e-07,0.00379449348949002
"GO:0019900","kinase binding","MF",730,211,2.21106552522606e-07,0.00497688739073135
"GO:0010942","positive regulation of cell death","BP",730,211,2.21106552522606e-07,0.00497688739073135
"GO:0010008","endosome membrane","CC",479,148,2.22445258525133e-07,0.00500657543362518
"GO:1902531","regulation of intracellular signal transduction","BP",1961,502,2.43010990604073e-07,0.00546920535453526
"GO:0010941","regulation of cell death","BP",1736,450,2.43484514701461e-07,0.00547961900335638
"GO:0030135","coated vesicle","CC",289,98,2.47026592537423e-07,0.00555908643846217
"GO:0010822","positive regulation of mitochondrion organization","BP",117,49,2.81734497258246e-07,0.00633987139180231
"GO:0042590","antigen processing and presentation of exogenous peptide antigen via MHC class I","BP",79,37,2.82162589581656e-07,0.00634922259076642
"GO:0010256","endomembrane system organization","BP",438,137,2.87196187112056e-07,0.00646220140620837
"GO:0071426","ribonucleoprotein complex export from nucleus","BP",127,52,2.92514923151126e-07,0.00658158577090035
"GO:0002495","antigen processing and presentation of peptide antigen via MHC class II","BP",101,44,2.96517419630424e-07,0.00667134542426492
"GO:0019886","antigen processing and presentation of exogenous peptide antigen via MHC class II","BP",98,43,3.15948774513783e-07,0.00710821552901109
"GO:0031124","mRNA 3'-end processing","BP",98,43,3.15948774513783e-07,0.00710821552901109
"GO:1903829","positive regulation of cellular protein localization","BP",324,107,3.17566679733677e-07,0.0071439800272888
"GO:0010821","regulation of mitochondrion organization","BP",182,68,3.2407310359668e-07,0.00729002446540732
"GO:0043170","macromolecule metabolic process","BP",10507,2360,3.25924365947698e-07,0.00733134268762753
"GO:0030030","cell projection organization","BP",1534,402,3.32913098413295e-07,0.00748821432261025
"GO:0070507","regulation of microtubule cytoskeleton organization","BP",186,69,3.63970435192737e-07,0.00818642302835503
"GO:0120036","plasma membrane bounded cell projection organization","BP",1497,393,3.73414469891675e-07,0.00839846484233367
"GO:0071166","ribonucleoprotein complex localization","BP",128,52,3.92441651538882e-07,0.00882601274310946
"GO:0006405","RNA export from nucleus","BP",135,54,4.28555775375296e-07,0.00963779083241503
"GO:0008144","drug binding","MF",1727,446,4.35940807178487e-07,0.00980343687182982
"GO:0051129","negative regulation of cellular component organization","BP",741,212,4.71345087046564e-07,0.0105991369724161
"GO:0045335","phagocytic vesicle","CC",132,53,4.74065823675761e-07,0.0106598441111732
"GO:0033108","mitochondrial respiratory chain complex assembly","BP",96,42,4.75293715740158e-07,0.0106869791984175
"GO:1901565","organonitrogen compound catabolic process","BP",1296,345,4.92733628734177e-07,0.0110786229084592
"GO:0016887","ATPase activity","MF",384,122,5.12532414216377e-07,0.0115232662688268
"GO:0033044","regulation of chromosome organization","BP",342,111,5.13833755096092e-07,0.0115520104820703
"GO:0050789","regulation of biological process","BP",12093,2689,5.16784336243927e-07,0.0116178286630997
"GO:0051020","GTPase binding","MF",541,162,5.5153178864202e-07,0.0123984346086726
"GO:0070925","organelle assembly","BP",845,237,5.51959063320988e-07,0.0124074877843925
"GO:0044431","Golgi apparatus part","CC",974,268,5.81546651390693e-07,0.01307200562996
"GO:0070469","respiratory chain","CC",100,43,6.22838080800932e-07,0.0139995315421625
"GO:0070820","tertiary granule","CC",164,62,6.57439705691386e-07,0.0147766148251196
"GO:0015631","tubulin binding","MF",336,109,6.65446185919173e-07,0.0149559030285334
"GO:0042981","regulation of apoptotic process","BP",1587,412,6.94510772958064e-07,0.0156084351114595
"GO:0045862","positive regulation of proteolysis","BP",363,116,6.98547325807148e-07,0.015698454052864
"GO:0000226","microtubule cytoskeleton organization","BP",547,163,7.09913035578189e-07,0.0159531657355131
"GO:0016772","transferase activity, transferring phosphorus-containing groups","MF",918,254,7.15030648821213e-07,0.0160674537096615
"GO:0048584","positive regulation of response to stimulus","BP",2500,621,7.23278447158778e-07,0.0162520667076578
"GO:0050136","NADH dehydrogenase (quinone) activity","MF",46,25,7.34704034667405e-07,0.0165080649549419
"GO:0008137","NADH dehydrogenase (ubiquinone) activity","MF",46,25,7.34704034667405e-07,0.0165080649549419
"GO:0003954","NADH dehydrogenase activity","MF",46,25,7.34704034667405e-07,0.0165080649549419
"GO:1901987","regulation of cell cycle phase transition","BP",480,146,7.40752155508119e-07,0.0166417379256454
"GO:0032886","regulation of microtubule-based process","BP",218,77,7.7746370636635e-07,0.01746572216352
"GO:0007159","leukocyte cell-cell adhesion","BP",337,109,7.82085530807824e-07,0.017568769364067
"GO:0006413","translational initiation","BP",193,70,7.98948031360081e-07,0.0179467696284415
"GO:0005746","mitochondrial respiratory chain","CC",88,39,8.07231905782823e-07,0.0181320430676938
"GO:0032273","positive regulation of protein polymerization","BP",134,53,8.27363279048643e-07,0.0185834066107116
"GO:0044839","cell cycle G2/M phase transition","BP",266,90,8.3601479963283e-07,0.0187768923997534
"GO:2001242","regulation of intrinsic apoptotic signaling pathway","BP",165,62,8.38521803322084e-07,0.0188323611808107
"GO:0098803","respiratory chain complex","CC",85,38,8.51955294989232e-07,0.0191332120148682
"GO:0043167","ion binding","MF",6218,1440,8.8760352027448e-07,0.019932912254804
"GO:0043487","regulation of RNA stability","BP",183,67,9.25028842586927e-07,0.020772447689132
"GO:0010948","negative regulation of cell cycle process","BP",361,115,9.26892607359475e-07,0.020813373498257
"GO:0006626","protein targeting to mitochondrion","BP",98,42,9.32718435481586e-07,0.0209432597503035
"GO:0030036","actin cytoskeleton organization","BP",666,192,9.36837079867636e-07,0.021034802954268
"GO:0043067","regulation of programmed cell death","BP",1613,417,9.51590715091028e-07,0.0213651147352238
"GO:0000380","alternative mRNA splicing, via spliceosome","BP",76,35,9.67832073027064e-07,0.0217287978715306
"GO:0030670","phagocytic vesicle membrane","CC",76,35,9.67832073027064e-07,0.0217287978715306
"GO:0072331","signal transduction by p53 class mediator","BP",267,90,1.00312015107412e-06,0.0225190442714629
"GO:0009628","response to abiotic stimulus","BP",1237,329,1.0037924010153e-06,0.0225331318179915
"GO:0019901","protein kinase binding","MF",651,188,1.07194955335203e-06,0.024062051624093
"GO:0015629","actin cytoskeleton","CC",507,152,1.13274741597575e-06,0.0254256484989917
"GO:0043488","regulation of mRNA stability","BP",177,65,1.18163622256895e-06,0.02652182501556
"GO:0050870","positive regulation of T cell activation","BP",202,72,1.18860910601555e-06,0.026677142775413
"GO:0034314","Arp2/3 complex-mediated actin nucleation","BP",36,21,1.19520669634041e-06,0.0268240238859678
"GO:0048013","ephrin receptor signaling pathway","BP",86,38,1.21785614218531e-06,0.0273311275429227
"GO:0033209","tumor necrosis factor-mediated signaling pathway","BP",167,62,1.34953002782345e-06,0.030284803354386
"GO:0042581","specific granule","CC",160,60,1.35172078022321e-06,0.0303326143082088
"GO:0048475","coated membrane","CC",96,41,1.39593680386616e-06,0.0313234259419529
"GO:0030117","membrane coat","CC",96,41,1.39593680386616e-06,0.0313234259419529
"GO:0016409","palmitoyltransferase activity","MF",39,22,1.46224855521202e-06,0.032808470833292
"GO:0051223","regulation of protein transport","BP",699,199,1.52061096122969e-06,0.0341164275261493
"GO:0098687","chromosomal region","CC",349,111,1.54891590310028e-06,0.0347499282860549
"GO:0000381","regulation of alternative mRNA splicing, via spliceosome","BP",65,31,1.57085187151805e-06,0.0352404908856359
"GO:1903039","positive regulation of leukocyte cell-cell adhesion","BP",218,76,1.62144127332647e-06,0.0363737920845327
"GO:0003697","single-stranded DNA binding","MF",113,46,1.67752052329146e-06,0.0376301403784741
"GO:0051174","regulation of phosphorus metabolic process","BP",1818,462,1.85287027084981e-06,0.041561733045432
"GO:0033119","negative regulation of RNA splicing","BP",24,16,1.88132344127847e-06,0.0421980847878762
"GO:1901990","regulation of mitotic cell cycle phase transition","BP",444,135,1.95236078475984e-06,0.0437895000413785
"GO:0007265","Ras protein signal transduction","BP",448,136,1.96819909725855e-06,0.0441427693533148
"GO:0043603","cellular amide metabolic process","BP",1157,308,2.07247702121512e-06,0.0464794421547914
"GO:0019219","regulation of nucleobase-containing compound metabolic process","BP",4140,982,2.10046373974177e-06,0.047104999827449
"GO:0002479","antigen processing and presentation of exogenous peptide antigen via MHC class I, TAP-dependent","BP",75,34,2.14884277210226e-06,0.0481877991643933
"GO:0019220","regulation of phosphate metabolic process","BP",1816,461,2.15417230479158e-06,0.0483051597626464
"GO:0051704","multi-organism process","BP",2635,647,2.17260147925658e-06,0.0487162429693704
